{
  "Bad Wine": {
    "precision": 0.8852272727272728,
    "recall": 0.9037122969837587,
    "f1-score": 0.894374282433984,
    "support": 862.0
  },
  "Good Wine": {
    "precision": 0.5489130434782609,
    "recall": 0.5,
    "f1-score": 0.5233160621761658,
    "support": 202.0
  },
  "accuracy": 0.8270676691729323,
  "macro avg": {
    "precision": 0.7170701581027668,
    "recall": 0.7018561484918793,
    "f1-score": 0.7088451723050748,
    "support": 1064.0
  },
  "weighted avg": {
    "precision": 0.8213781427382687,
    "recall": 0.8270676691729323,
    "f1-score": 0.8239290188136087,
    "support": 1064.0
  }
}